"","method","auc","lor","se","pval","T-,MR-","T-,MR+","T+,MR-","T+,MR+"
"1","Forward MR (cis)",0.51966648863569,0.0478131861610578,0.0204351459876197,0.0195074926985493,637,48,217,29
"2","Forward MR (cis + coloc)",NA,0.00635570589282528,0.00642444568800857,0.322773842237187,681,4,243,3
"3","Forward MR (trans)",0.506232183620857,0.00855754051629182,0.0224421846015955,0.703042469745226,843,79,173,18
"4","Reverse PRS",0.511032667672851,0.0312768956355794,0.0359678125568567,0.384726567220875,652,229,129,53
